2021-09-21 11:57:07,b'Camtasia\nhttps://t.co/LtKuyEMq1Z\n#DataAnalytics #MachineLearning #BigData #DataScience #Python #JavaScript #ReactJS #Flutter #CloudComputing #DataScientist #Programming #Coding #100DaysofCode #opensource #AI #booktwt #bookrecs #LIVACM #ClimateAction #cloud #Russia #codingisfun',üê¨üéÄ ùìåùëíùí∑ùíøùí∂ùíΩùëíùíπùìäùìÅ üéÄüê¨
2021-09-21 07:28:32,b'#programming #kotlin #variables #coding #android Belajar Kotlin https://t.co/oayXchReGX',Umair
2021-09-21 02:38:14,"b'Apabila kamu membutuhkan bimbingan untuk meningkatkan karirmu, Bright Internships hadir untuk membantu. Kamu dapat mengontak kami melalui sosial media.\n#karir #career #Coding #Influences #skill #GenZ #WelcomeGeneration'",Internship & Career Training
2021-09-20 21:59:02,b'Ubuntu Linux Dekstop Basics https://t.co/AcvxSLlZq9\n\n#MachineLearning. #BigData #Analytics #DataScience #AI #IoT #IIoT #Python #RStats #TensorFlow #Java #JavaScript #ReactJS #CloudComputing #DataScientist #Linux #Programming #Coding #100DaysofCode',Udemy Coupons
2021-09-20 16:33:10,"b'Satu lagi program C beres oleh kita nih, cepet banget 1 jam beres, ayo yg punya tugas ke kita aja, dm untuk info lebih lanjut #code #c #joki #program #coding https://t.co/WjKg9QLt1J'",JASA NGODING!
2021-09-20 05:05:00,"b'Tapi, belajar semuanya tentu akan buat kamu lelah, sebaiknya dipilih salah satu bahasa yang memang ingin didalami ya, semoga postingan ini membantu!\n\n#WebHostingYaIDwebhost\n#Coding #BelajarCoding #Pemrograman #HTML #Javascript #PHP #Golang #Phyton #Java'",IDwebhost
2021-09-20 04:21:01,b'Membuat Form Pada HTML Part 2\nhttps://t.co/1vNJO8NMYE\n\n#programming #coding #html https://t.co/dWEqmAEbnQ',narakode
2021-09-20 04:19:29,b'Membuat Form Pada HTML Part 1\nhttps://t.co/1vNJO8NMYE\n\n#programming #coding #html https://t.co/S226ZkATEp',narakode
2021-09-20 03:10:39,"b'Happy Monday sobat koding! Full Tutorial Aplikasi Inventaris Barang, part 23: Delete Data Department sudah tayang nih! \xf0\x9f\x8f\x84 \n\nKlik link nya di Bio, pilih Tutorial Terbaru. \xf0\x9f\x8c\xbb \n\n#100DaysOfCode #codinglife #Backend \n#FrontEnd #Website #mipdevp #Coding https://t.co/VDshkYahwK'",mipdevp
2021-09-20 00:00:08,"b'Run, #JavaScript, Run \n\nhttps://t.co/SdztvefNN4 via @Hackernoon\n\n#100DaysOfCode #AI #Coding\nCc @mallys_ @Fabriziobustama @HITpol @HaroldSinnott @chboursin @Nadia__Jacoby @DeepLearn007 @SpirosMargaris @Xbond49 https://t.co/yNWJlLtDZm'",ipfconline
2021-09-19 20:25:03,"b'#Security #programming #Cybersecurity360 #js #cybersecurity #linux #mac #osx #coding #codenewbie #analytics \nEset - Virus Radar.\n23989 - \nSep-19-2021, 21:46 CEST (UTC/GMT +02:00) \nhttps://t.co/LSPV2kG0EZ'",SZ40/42
2021-09-19 04:47:04,b'Menampilkan teks pada console.\nSumber: https://t.co/IGReWXfYyG\n.\xe2\xa0\x80\xe2\xa0\x80\xe2\xa0\x80\xe2\xa0\x80\xe2\xa0\x80\xe2\xa0\x80\xe2\xa0\x80\xe2\xa0\x80\n#DidYouKnow #bahasapemrograman #taukahkamu #Android #FaktaUnik #KnowLedge #Coding #WebDeveloper #WebProgramming #Programmer #kursuscoding #Rumahcoding #Aplikasi #BahasaPemrogramanKotlin https://t.co/dZvvHvAbml',Rumah Coding
2021-09-19 01:32:24,b'Membuat Tabel Pada HTML\nhttps://t.co/DxToHb6vfp\n\n#programming #coding #html https://t.co/jKXJtjiDbr',narakode
2021-09-19 00:20:02,"b'Run, JavaScript, Run\nhttps://t.co/6jPq67vMnx\n\n#Javascript #ComputingLanguage #technology #future #coding #Threads #Error #considerations #technology #TechTrends #SoftwareDevelopment #Developer https://t.co/mpjOcyAVIj'",QS2 Point
2021-09-18 17:43:06,b'https://t.co/74YAAIzCLj #blacktechtwitter #Cybersecurity #infosec #100DaysOfCode #node #nodejs #coding #js #angularjs #reactjs #tech #javascript #html #womenwhocode #301DaysOfCode\n\n#CSS #Design #BigData #Analytics #DataScience #C #JavaScript #ReactJS #GoLang\n@usatopsmm#pokemon',Dawn Rogers
2021-09-18 12:10:47,b'\xf0\x9f\x91\xa8\xe2\x80\x8d\xf0\x9f\x92\xbb\n\n#day #night #programming #disney #mickey #apple #macbook #coding #cod #\xd0\xb4\xd0\xb5\xd0\xbd\xd1\x8c #\xd0\xbd\xd0\xbe\xd1\x87\xd1\x8c #\xd0\xbf\xd1\x80\xd0\xbe\xd0\xb3\xd1\x80\xd0\xb0\xd0\xbc\xd0\xbc\xd0\xb8\xd1\x80\xd0\xbe\xd0\xb2\xd0\xb0\xd0\xbd\xd0\xb8\xd0\xb5 #\xd0\xb4\xd0\xb8\xd1\x81\xd0\xbd\xd0\xb5\xd0\xb9 #\xd0\xbc\xd0\xb8\xd0\xba\xd0\xba\xd0\xb8 #\xd0\xba\xd0\xbe\xd0\xb4 #\xd1\x81\xd0\xbe\xd0\xb1\xd0\xb0\xd0\xba\xd0\xb0 #\xd1\x81\xd0\xbe\xd0\xb1\xd0\xb0\xd0\xba\xd0\xb8 #\xd0\xb1\xd0\xb5\xd0\xbb\xd0\xba\xd0\xb0 #dog #dogs #led #mac #macos @ Russia https://t.co/BvcGgmNofj',Gordey007
2021-09-18 12:07:42,"b'#Security #programming #Cybersecurity360 #js #cybersecurity #linux #mac #osx #coding #codenewbie #analytics \nEset - Virus Radar.\n23983 - \n\nSep-18-2021, 12:20 CEST (UTC/GMT +02:00) \nhttps://t.co/LSPV2kG0EZ'",SZ40/42
2021-09-18 08:24:43,b'Menampilkan Data Berdasarkan Antara Dua Tanggal di Laravel 8\n\n#codelapan #laravel #laravel8 #DEVCommunity #webdev #webdevelopment #WebDeveloper #webdevelopers #php #programming #programmer #laraveltutorials #Coding   #code #CodeNewbies #coder \n\nhttps://t.co/jjeMVFn5yB',Codelapan
2021-09-18 06:41:04,b'Digital Awareness &amp; Security\n\n#ethicalhacking #linux #hackers #tech #informationsecurity  #coding #ethicalhacker #pentesting #cybersecurityawareness #hack #dataprotection #datasecurity #it #python #informationtechnology #computerscience #bhfyp #defpr #cybersecurityinindia https://t.co/9jUI2ZQFv2',Defpr
2021-09-18 06:32:41,b'Digital Awareness &amp; Security\n\n#ethicalhacking #linux #hackers #tech #informationsecurity  #coding #ethicalhacker #pentesting #cybersecurityawareness #hack #dataprotection #datasecurity #it #python #informationtechnology #computerscience #bhfyp #defpr #cybersecurityinindia https://t.co/7mKGeS1CQf',RAHUL KUMAR
2021-09-18 04:06:19,b'Cara Menampilkan Gambar Pada HTML\nhttps://t.co/g5AU052oBh\n\n#programming #coding #html https://t.co/rrA9JWknNH',narakode
2021-09-17 16:13:55,"b'Kata siapa ngoding itu susah? Ngoding itu sebenernya gampang asal kita niat sama mengerti aja. Tapi emang sih... kadang klo ketemu error, itu hati rasanya dag dig dug ser 555, tapi tenang... kan ada stack overflow 555.\n\n#programming #coding #html #indonesia #twitter https://t.co/itX0exqZ1r'",Pupee Neutralized .#2971
2021-09-17 04:28:03,"b'NEXT COURSES !\nKami membuka Kursus Coding Android, iOS dan Website, bagi yang ingin mendaftar bisa kunjungi website kami di https://t.co/nUF6I36AXP\n.\nFollow @idrumahcoding\n.\n#NextCourses #TrainingOnline #TrainingOffline #KursusDepok #ReactJS #teknologi #belajarcoding #coding https://t.co/O42gxgbhMP'",Rumah Coding
2021-09-17 02:03:13,b'Membuat Daftar atau List Pada HTMl\nhttps://t.co/tKEEKtB49E\n\n#programming #coding #html https://t.co/YvEr6DttUO',narakode
2021-09-17 01:42:03,"b'Assalamualaikum, Sira Friends\nSumber: https://t.co/4Df10YB8f2\n.\nFollow @idrumahcoding, https://t.co/nUF6I36AXP\n\n#kesulitan #kesedihan #kesalahan #AlKahfi #suratAlKahfi #SIRADAY #shalih #coding #rumahcoding #kursuscoding #programmerMuslim #Istiqomah #MenujuKebaikan #hadits https://t.co/gZDUW6j7JJ'",Rumah Coding
2021-09-16 13:54:46,b'https://t.co/Zq5xEyxVZh\n\nHTLM vs PHP\n#1Parte\n\n.\n.\n#developer #coding #codinglife #programming #programminglife #programminglenguage #coder #java #javascript #python #html  #programmer #datascience #linux #kotlin #learncodeing #desarrolladorweb #programador https://t.co/2jmNYB8OXH',santiago
2021-09-16 04:51:47,b'Cara Membuat Link Pada HTML\nhttps://t.co/XCa7IafnnF\n\n#programming #coding #html https://t.co/ditGYV0Zr9',narakode
2021-09-16 04:31:24,b'Killmonger Kokomi #wednesdaythought #Mumumumuch_OutNow #VERZUZ #BCSpoilers Trumpism  #Coding #100DaysofCode #DEVCommunity #opensource #AI\nhttps://t.co/pdgDogYdAF #shopify #shopify2021 #ecommercewebsite #internet #internetmarketing #techtrends #wordpress #php #website #blogger',Product Listing
2021-09-16 01:56:43,"b'Hai, sobat koding! Full Tutorial Aplikasi Inventaris Barang, part 22: Konfigurasi Sweet Alert is here guys! \xf0\x9f\x8f\x84 \n\nKlik link nya di Bio, pilih Tutorial Terbaru. \xf0\x9f\x8c\xbb \n\n#100DaysOfCode #Coding #Backend \n#frontenddev #Website #mipdevp\n#codingisfun https://t.co/YtXmWR1i5l'",mipdevp
2021-09-15 22:07:34,b'#problemsolving #azure #architecture #programming #coding Multi Tenant https://t.co/7HJC43xM16',Umair
2021-09-15 11:09:16,b'WordPress sendiri ialah sebuah aplikasi sumber terbuka yang sangat populer digunakan sebagai mesin blog yang dibangun dengan bahasa pemrograman PHP dan basis data MySQL.\n\n#blog #wordpress #website #tirtamedia #coding https://t.co/ku80jhvx8H',Tirta Media Production
2021-09-15 10:17:07,b'Killmonger Kokomi #wednesdaythought #Mumumumuch_OutNow #VERZUZ #BCSpoilers #WednesdayMotivation Trumpism  #Coding #100DaysofCode #DEVCommunity #opensource #AI\nhttps://t.co/xmWB06Gu1r #shopify #shopify2021 #ecommercewebsite',Product Listing
2021-09-15 02:01:09,b'Cara Membuat Paragraf Pada HTML\nhttps://t.co/vnINo3sdnr\n\n#programming #Coding #coding #code #html #webdesign #HTML5 https://t.co/G0GzlKv3ca',narakode
2021-09-14 20:52:41,b'AI smart car racing \n\n#DataAnalytics #MachineLearning #BigData #DataScience #PyTorch #Python #TensorFlow #JavaScript #ReactJS #Flutter #CloudComputing #DataScientist #WomenWhoCode #Programming #Coding #100DaysofCode #DEVCommunity #opensource #AI https://t.co/MtJEb7Zstg',Gouda
2021-09-14 18:04:05,b'Rusia.\n#retro #RTXOn #coding #javascript #Python #DataScience #programming  #Java #Linux #Memes  #technology #gamer #Android #Geek #lol #gaming #PHOTOS #design #setup #vintage #Science #BigData #Xbox #AI #business #Hacking #tech  #scifi #books #cars #rusia https://t.co/MJujuy81ZC',The Cat
2021-09-14 17:18:31,b'Introducing TensorFlow Similarity \xf0\x9f\x91\x87 \n#programming #database #Data #DataScientists #Analytics #BigData #AI #Python #DataScience #Tech #IoT #ML #NLP #javascript #TensorFlow #Coding #Serverless\xc2\xa0 #100DaysOfCode #Dataviz #MachineLearning \n#Devops #cloud \nhttps://t.co/BlMuVZiQGt https://t.co/DaJc4ReP8u',Mais AbuSalah
